<?xml version="1.0" encoding="utf-8" standalone="no"?>
<installer-gui-script minSpecVersion="1">
    <title>Madroid</title>
    <welcome file="intro-text.rtf" mime-type="application/rtf" />
    <conclusion file="post-readme.rtf" mime-type="application/rtf" />
    <options customize="never" hostArchitectures="i386,x86_64" require-scripts="false" rootVolumeOnly="true" />
    <os-version min="10.6" />
    <choices-outline>
        <line choice="default">
            <line choice="com.sudheeshsinganamalla.kexts.Madroid"/>
        </line>
    </choices-outline>
    <pkg-ref id="kext"/>
    <choice id="default"/>
    <choice id="com.sudheeshsinganamalla.kexts.Madroid" visible="false">
        <pkg-ref id="kext"/>
    </choice>
    <pkg-ref id="kext" version="6.0.0" onConclusion="none">Madroid-kext.pkg</pkg-ref>
</installer-gui-script>
