<pkgref spec="1.12" uuid="8F3C3636-403C-4CE3-B8C0-9DA8D05891EA"><config><identifier>com.sudheeshsinganamalla.kexts.Madroid.pkg</identifier><version>1.0</version><description></description><post-install type="none"/><requireAuthorization/><installFrom relative="true" mod="true" includeRoot="true">../build/Release/Madroid.kext</installFrom><installTo>/System/Library/Extensions</installTo><flags><followSymbolicLinks/></flags><packageStore type="internal"></packageStore><mod>installFrom.isRelativeType</mod><mod>locationType</mod><mod>identifier</mod><mod>parent</mod><mod>installFrom.path</mod></config><contents><file-list>01madroid-contents.xml</file-list><component id="com.sudheeshsinganamalla.kexts.Madroid" path="/Users/sudheesh/projects/madroid/Madroid/build/Release/Madroid.kext" version="1.0.0d1"/><filter>/CVS$</filter><filter>/\.svn$</filter><filter>/\.cvsignore$</filter><filter>/\.cvspass$</filter><filter>/\.DS_Store$</filter></contents></pkgref>