<pkg-contents spec="1.12"><f n="Madroid.kext" o="root" g="wheel" p="16877" pt="/Users/sudheesh/projects/madroid/Madroid/build/Release/Madroid.kext" m="true" t="file"><f n="Contents" o="root" g="wheel" p="16877"><f n=".#Info.plist" o="root" g="wheel" p="41396" x="true"><mod>mode</mod></f><f n="Info.plist" o="root" g="wheel" p="33188"/><f n="MacOS" o="root" g="wheel" p="16877"><f n="Madroid" o="root" g="wheel" p="33261"/></f><f n="Resources" o="root" g="wheel" p="16877"><f n="en.lproj" o="root" g="wheel" p="16877"><f n="InfoPlist.strings" o="root" g="wheel" p="33188"/></f></f></f></f></pkg-contents>