<pkmkdoc spec="1.12"><properties><title>Madroid</title><build>/Users/sudheesh/projects/madroid/Madroid/Madroid-rel3.pkg</build><organization>com.sudheeshsinganamalla</organization><userSees ui="easy"/><min-target os="3"/><domain anywhere="true"/></properties><distribution><versions min-spec="1.000000"/><scripts></scripts></distribution><description>Madroid is a kernel extension ("kext") that allows you to use your Android phone's built-in USB tethering support.</description><contents><choice title="Madroid Kernel Extension" id="choice2" starts_selected="true" starts_enabled="true" starts_hidden="false"><pkgref id="com.sudheeshsinganamalla.kexts.Madroid.pkg"/></choice></contents><resources bg-scale="none" bg-align="topleft"><locale lang="en"><resource relative="true" mod="true" type="license">../COPYING.rtf</resource><resource relative="true" mod="true" type="welcome">intro-text.rtf</resource><resource relative="true" mod="true" type="conclusion">post-readme.rtf</resource></locale></resources><requirements><requirement id="tosv" operator="ge" value="'10.6'"><message-title>Failure</message-title><message>Madroid supports only Snow Leopard and newer systems.</message></requirement></requirements><flags/><postinstall><action id="com.apple.packagemaker.actions.loadkext"><value>com.sudheeshsinganamalla.kexts.Madroid</value><type>component</type></action></postinstall><extra-files/><item type="file">01madroid.xml</item><mod>description</mod><mod>properties.title</mod><mod>properties.systemDomain</mod><mod>properties.userDomain</mod><mod>postinstallActions.actions</mod><mod>extraFiles</mod><mod>properties.customizeOption</mod><mod>properties.anywhereDomain</mod></pkmkdoc>